{"w": [4.4e-323, -8.4e-323, -5e-324, -2.8420562552443743e-15, -4.7422500000000944, 0.5, 0.5], "lr": 0.05}