{"w": [-37.090944872114584, -15.853813387044198, -97.21069263666924, 30.025696330917746, -46.14907006986854, -106.9272481938905, -131.75154106336265], "lr": 0.4}