{"w": [86.28621307091603, 36.74634920805134, -60.783768707269815, 84.04935224717264, 6.281661020752736, -128.83800630232648, -30.491715892555007], "lr": 0.4}